[
    {
        "name": "Nguyễn Hoàng Khánh",
        "gender": true,
        "marks": 7.5,
        "contact": {
            "email": "khanhnhps40175@gmail.com",
            "phone": "0358501332"
        },
        "subjects": ["SOF3061", "SOF3041"]
    },
    {
        "name": "Trần Văn An",
        "gender": true,
        "marks": 8.2,
        "contact": {
            "email": "antran@gmail.com",
            "phone": "0987654321"
        },
        "subjects": ["SOF3061", "WEB2023"]
    },
    {
        "name": "Lê Thị Bích",
        "gender": false,
        "marks": 7.8,
        "contact": {
            "email": "bichle@gmail.com",
            "phone": "0345678923"
        },
        "subjects": ["SOF3041", "COM108"]
    },
    {
        "name": "Phạm Công Minh",
        "gender": true,
        "marks": 9.1,
        "contact": {
            "email": "minhpham@gmail.com",
            "phone": "0321654987"
        },
        "subjects": ["WEB205", "SOF3061"]
    },
    {
        "name": "Đặng Thảo Vy",
        "gender": false,
        "marks": 8.5,
        "contact": {
            "email": "vy.dang@gmail.com",
            "phone": "0909123456"
        },
        "subjects": ["SOF3041", "SOF3061", "WEB2023"]
    },
    {
        "name": "Hoàng Quang Dũng",
        "gender": true,
        "marks": 7.3,
        "contact": {
            "email": "dunghoang@gmail.com",
            "phone": "0912345678"
        },
        "subjects": ["COM108", "WEB205"]
    }
]
